{
	"Version": 3,
	"Parameters": [
		{
			"Id": "ParamAngleX",
			"GroupId": "",
			"Name": "Angle X"
		},
		{
			"Id": "ParamAngleY",
			"GroupId": "",
			"Name": "Angle Y"
		},
		{
			"Id": "ParamAngleZ",
			"GroupId": "",
			"Name": "Angle Z"
		},
		{
			"Id": "ParamEyeLOpen",
			"GroupId": "",
			"Name": "EyeL Open"
		},
		{
			"Id": "ParamEyeLSmile",
			"GroupId": "",
			"Name": "EyeL Smile"
		},
		{
			"Id": "ParamEyeROpen",
			"GroupId": "",
			"Name": "EyeR Open"
		},
		{
			"Id": "ParamEyeRSmile",
			"GroupId": "",
			"Name": "EyeR Smile"
		},
		{
			"Id": "ParamEyeBallX",
			"GroupId": "",
			"Name": "Eyeball X"
		},
		{
			"Id": "ParamEyeBallY",
			"GroupId": "",
			"Name": "Eyeball Y"
		},
		{
			"Id": "Param",
			"GroupId": "",
			"Name": "Iris fisica"
		},
		{
			"Id": "Param2",
			"GroupId": "",
			"Name": "Fisica L iris"
		},
		{
			"Id": "ParamBrowLY",
			"GroupId": "",
			"Name": "BrowL Y"
		},
		{
			"Id": "ParamBrowLX",
			"GroupId": "",
			"Name": "BrowL X"
		},
		{
			"Id": "ParamBrowRY",
			"GroupId": "",
			"Name": "BrowR Y"
		},
		{
			"Id": "ParamBrowRX",
			"GroupId": "",
			"Name": "BrowR X"
		},
		{
			"Id": "ParamBrowLAngle",
			"GroupId": "",
			"Name": "BrowL Angle"
		},
		{
			"Id": "ParamBrowRAngle",
			"GroupId": "",
			"Name": "BrowR Angle"
		},
		{
			"Id": "ParamBrowLForm",
			"GroupId": "",
			"Name": "BrowL Form"
		},
		{
			"Id": "ParamBrowRForm",
			"GroupId": "",
			"Name": "BrowR Form"
		},
		{
			"Id": "ParamMouthForm",
			"GroupId": "",
			"Name": "Mouth Form"
		},
		{
			"Id": "ParamMouthOpenY",
			"GroupId": "",
			"Name": "Mouth Open"
		},
		{
			"Id": "ParamCheek",
			"GroupId": "",
			"Name": "Cheek"
		},
		{
			"Id": "ParamBodyAngleX",
			"GroupId": "",
			"Name": "Body X"
		},
		{
			"Id": "ParamBodyAngleY",
			"GroupId": "",
			"Name": "Body Y"
		},
		{
			"Id": "ParamBodyAngleZ",
			"GroupId": "",
			"Name": "Body Z"
		},
		{
			"Id": "ParamBreath",
			"GroupId": "",
			"Name": "Breath"
		},
		{
			"Id": "ParamHairFront",
			"GroupId": "",
			"Name": "Hair Move Front"
		},
		{
			"Id": "ParamHairSide",
			"GroupId": "",
			"Name": "Hair Move Side"
		},
		{
			"Id": "ParamHairBack",
			"GroupId": "",
			"Name": "Hair Move Back"
		}
	],
	"ParameterGroups": [],
	"Parts": [
		{
			"Id": "model",
			"Name": "model"
		},
		{
			"Id": "Cabello",
			"Name": "Cabello"
		},
		{
			"Id": "Part4",
			"Name": "ojo 2"
		},
		{
			"Id": "Cabeza",
			"Name": "Cabeza"
		},
		{
			"Id": "Cuello",
			"Name": "Cuello"
		},
		{
			"Id": "Part",
			"Name": "Cabello atras de cara"
		},
		{
			"Id": "Ropa",
			"Name": "Ropa"
		},
		{
			"Id": "Part2",
			"Name": "Cabello atras"
		},
		{
			"Id": "Part3",
			"Name": "Ropa atras"
		},
		{
			"Id": "Cara",
			"Name": "Cara"
		},
		{
			"Id": "Orejas",
			"Name": "Orejas"
		},
		{
			"Id": "Colgantes",
			"Name": "Colgantes"
		},
		{
			"Id": "Ojo",
			"Name": "Ojo"
		},
		{
			"Id": "Nariz",
			"Name": "Nariz"
		},
		{
			"Id": "Boca",
			"Name": "Boca"
		}
	]
}